industry_raw,industry_code,industry_name,year,births_of_new_enterprises,active_enterprises,active_enterprises_10plus_employees,deaths_of_new_enterprises,percent_of_1_year,percent_of_2_year,percent_of_3_year,percent_of_4_year,percent_of_5_year,survival_of_1_year,survival_of_2_year,survival_of_3_year,survival_of_4_year,survival_of_5_year,high_growth_enterprises
05 : Mining of coal and lignite,05,Mining of coal and lignite,2019,0,15,10,0,0,0,0,0,0,0,0,0,0,0,0
05 : Mining of coal and lignite,05,Mining of coal and lignite,2020,0,10,5,0,0,0,0,0,NA,0,0,0,0,NA,0
05 : Mining of coal and lignite,05,Mining of coal and lignite,2021,0,10,5,0,0,0,0,NA,NA,0,0,0,NA,NA,0
05 : Mining of coal and lignite,05,Mining of coal and lignite,2022,0,10,5,0,0,0,NA,NA,NA,0,0,NA,NA,NA,0
05 : Mining of coal and lignite,05,Mining of coal and lignite,2023,0,5,0,0,0,NA,NA,NA,NA,0,NA,NA,NA,NA,0
06 : Extraction of crude petroleum and natural gas,06,Extraction of crude petroleum and natural gas,2019,25,170,40,15,80,80,40,40,20,20,20,10,10,5,0
06 : Extraction of crude petroleum and natural gas,06,Extraction of crude petroleum and natural gas,2020,20,160,40,15,100,75,50,50,NA,20,15,10,10,NA,0
06 : Extraction of crude petroleum and natural gas,06,Extraction of crude petroleum and natural gas,2021,15,155,40,15,100,66.6666666666667,66.6666666666667,NA,NA,15,10,10,NA,NA,5
06 : Extraction of crude petroleum and natural gas,06,Extraction of crude petroleum and natural gas,2022,15,145,35,15,100,100,NA,NA,NA,15,15,NA,NA,NA,5
06 : Extraction of crude petroleum and natural gas,06,Extraction of crude petroleum and natural gas,2023,5,125,30,20,100,NA,NA,NA,NA,5,NA,NA,NA,NA,5
07 : Mining of metal ores,07,Mining of metal ores,2019,0,5,0,0,0,0,0,0,0,0,0,0,0,0,0
07 : Mining of metal ores,07,Mining of metal ores,2020,0,5,0,0,0,0,0,0,NA,0,0,0,0,NA,0
07 : Mining of metal ores,07,Mining of metal ores,2021,5,5,0,0,100,100,0,NA,NA,5,5,0,NA,NA,0
07 : Mining of metal ores,07,Mining of metal ores,2022,0,5,0,0,0,0,NA,NA,NA,0,0,NA,NA,NA,0
07 : Mining of metal ores,07,Mining of metal ores,2023,0,10,0,0,0,NA,NA,NA,NA,0,NA,NA,NA,NA,0
08 : Other mining and quarrying,08,Other mining and quarrying,2019,55,755,200,45,100,81.8181818181818,54.5454545454545,54.5454545454545,45.4545454545455,55,45,30,30,25,20
08 : Other mining and quarrying,08,Other mining and quarrying,2020,55,760,205,50,81.8181818181818,72.7272727272727,45.4545454545455,36.3636363636364,NA,45,40,25,20,NA,15
08 : Other mining and quarrying,08,Other mining and quarrying,2021,70,765,210,40,92.8571428571429,57.1428571428571,35.7142857142857,NA,NA,65,40,25,NA,NA,5
08 : Other mining and quarrying,08,Other mining and quarrying,2022,75,790,200,65,93.3333333333333,60,NA,NA,NA,70,45,NA,NA,NA,0
08 : Other mining and quarrying,08,Other mining and quarrying,2023,50,785,200,55,90,NA,NA,NA,NA,45,NA,NA,NA,NA,5
09 : Mining support service activities,09,Mining support service activities,2019,65,450,90,40,84.6153846153846,69.2307692307692,53.8461538461538,38.4615384615385,38.4615384615385,55,45,35,25,25,0
09 : Mining support service activities,09,Mining support service activities,2020,40,435,80,40,75,62.5,50,37.5,NA,30,25,20,15,NA,0
09 : Mining support service activities,09,Mining support service activities,2021,35,425,75,40,100,85.7142857142857,71.4285714285714,NA,NA,35,30,25,NA,NA,5
09 : Mining support service activities,09,Mining support service activities,2022,30,410,75,50,83.3333333333333,83.3333333333333,NA,NA,NA,25,25,NA,NA,NA,5
09 : Mining support service activities,09,Mining support service activities,2023,50,405,85,40,90,NA,NA,NA,NA,45,NA,NA,NA,NA,5
10 : Manufacture of food products,10,Manufacture of food products,2019,1050,9215,2775,785,95.7142857142857,77.6190476190476,62.3809523809524,52.3809523809524,45.2380952380952,1005,815,655,550,475,140
10 : Manufacture of food products,10,Manufacture of food products,2020,1190,9615,2755,710,94.5378151260504,79.4117647058823,62.1848739495798,51.2605042016807,NA,1125,945,740,610,NA,125
10 : Manufacture of food products,10,Manufacture of food products,2021,1530,10390,2810,720,94.7712418300653,73.8562091503268,57.1895424836601,NA,NA,1450,1130,875,NA,NA,115
10 : Manufacture of food products,10,Manufacture of food products,2022,1530,11075,2880,1160,85.2941176470588,53.921568627451,NA,NA,NA,1305,825,NA,NA,NA,130
10 : Manufacture of food products,10,Manufacture of food products,2023,980,10760,2900,1340,91.3265306122449,NA,NA,NA,NA,895,NA,NA,NA,NA,150
11 : Manufacture of beverages,11,Manufacture of beverages,2019,415,2835,420,235,96.3855421686747,78.3132530120482,63.855421686747,56.6265060240964,48.1927710843374,400,325,265,235,200,35
11 : Manufacture of beverages,11,Manufacture of beverages,2020,385,2965,435,210,92.2077922077922,70.1298701298701,57.1428571428571,48.0519480519481,NA,355,270,220,185,NA,35
11 : Manufacture of beverages,11,Manufacture of beverages,2021,375,3105,440,250,93.3333333333333,70.6666666666667,58.6666666666667,NA,NA,350,265,220,NA,NA,35
11 : Manufacture of beverages,11,Manufacture of beverages,2022,280,3115,510,255,91.0714285714286,69.6428571428571,NA,NA,NA,255,195,NA,NA,NA,40
11 : Manufacture of beverages,11,Manufacture of beverages,2023,280,3110,515,300,91.0714285714286,NA,NA,NA,NA,255,NA,NA,NA,NA,40
12 : Manufacture of tobacco products,12,Manufacture of tobacco products,2019,0,10,5,0,0,0,0,0,0,0,0,0,0,0,0
12 : Manufacture of tobacco products,12,Manufacture of tobacco products,2020,0,5,5,0,0,0,0,0,NA,0,0,0,0,NA,0
12 : Manufacture of tobacco products,12,Manufacture of tobacco products,2021,5,15,5,0,100,100,100,NA,NA,5,5,5,NA,NA,0
12 : Manufacture of tobacco products,12,Manufacture of tobacco products,2022,0,5,0,0,0,0,NA,NA,NA,0,0,NA,NA,NA,0
12 : Manufacture of tobacco products,12,Manufacture of tobacco products,2023,0,5,0,0,0,NA,NA,NA,NA,0,NA,NA,NA,NA,0
13 : Manufacture of textiles,13,Manufacture of textiles,2019,485,4885,975,560,92.7835051546392,74.2268041237113,54.639175257732,46.3917525773196,41.2371134020619,450,360,265,225,200,25
13 : Manufacture of textiles,13,Manufacture of textiles,2020,465,4745,940,445,95.6989247311828,75.2688172043011,56.989247311828,45.1612903225806,NA,445,350,265,210,NA,25
13 : Manufacture of textiles,13,Manufacture of textiles,2021,510,4800,945,355,93.1372549019608,72.5490196078431,57.843137254902,NA,NA,475,370,295,NA,NA,20
13 : Manufacture of textiles,13,Manufacture of textiles,2022,540,4980,920,465,90.7407407407407,66.6666666666667,NA,NA,NA,490,360,NA,NA,NA,15
13 : Manufacture of textiles,13,Manufacture of textiles,2023,385,4835,915,460,92.2077922077922,NA,NA,NA,NA,355,NA,NA,NA,NA,15
14 : Manufacture of wearing apparel,14,Manufacture of wearing apparel,2019,570,4475,710,560,95.6140350877193,74.5614035087719,55.2631578947368,42.1052631578947,34.2105263157895,545,425,315,240,195,15
14 : Manufacture of wearing apparel,14,Manufacture of wearing apparel,2020,695,4630,670,505,94.2446043165468,71.9424460431655,45.3237410071942,33.0935251798561,NA,655,500,315,230,NA,15
14 : Manufacture of wearing apparel,14,Manufacture of wearing apparel,2021,680,4910,635,525,93.3823529411765,64.7058823529412,48.5294117647059,NA,NA,635,440,330,NA,NA,15
14 : Manufacture of wearing apparel,14,Manufacture of wearing apparel,2022,445,4715,585,770,93.2584269662921,60.6741573033708,NA,NA,NA,415,270,NA,NA,NA,15
14 : Manufacture of wearing apparel,14,Manufacture of wearing apparel,2023,345,4295,490,620,91.304347826087,NA,NA,NA,NA,315,NA,NA,NA,NA,20
15 : Manufacture of leather and related products,15,Manufacture of leather and related products,2019,70,705,115,85,92.8571428571429,78.5714285714286,50,50,35.7142857142857,65,55,35,35,25,5
15 : Manufacture of leather and related products,15,Manufacture of leather and related products,2020,85,695,110,70,88.2352941176471,64.7058823529412,47.0588235294118,35.2941176470588,NA,75,55,40,30,NA,5
15 : Manufacture of leather and related products,15,Manufacture of leather and related products,2021,90,715,105,70,88.8888888888889,66.6666666666667,44.4444444444444,NA,NA,80,60,40,NA,NA,5
15 : Manufacture of leather and related products,15,Manufacture of leather and related products,2022,90,720,110,75,94.4444444444444,61.1111111111111,NA,NA,NA,85,55,NA,NA,NA,0
15 : Manufacture of leather and related products,15,Manufacture of leather and related products,2023,55,690,105,95,90.9090909090909,NA,NA,NA,NA,50,NA,NA,NA,NA,5
"16 : Manufacture of wood and of products of wood and cork, except furniture; manufacture of articles of straw and plaiting materials",16,"Manufacture of wood and of products of wood and cork, except furniture; manufacture of articles of straw and plaiting materials",2019,925,10300,1335,960,93.5135135135135,80,68.6486486486486,60,51.8918918918919,865,740,635,555,480,45
"16 : Manufacture of wood and of products of wood and cork, except furniture; manufacture of articles of straw and plaiting materials",16,"Manufacture of wood and of products of wood and cork, except furniture; manufacture of articles of straw and plaiting materials",2020,945,10370,1310,730,94.7089947089947,80.9523809523809,65.0793650793651,57.1428571428571,NA,895,765,615,540,NA,50
"16 : Manufacture of wood and of products of wood and cork, except furniture; manufacture of articles of straw and plaiting materials",16,"Manufacture of wood and of products of wood and cork, except furniture; manufacture of articles of straw and plaiting materials",2021,1450,11280,1330,690,95.1724137931034,78.6206896551724,63.448275862069,NA,NA,1380,1140,920,NA,NA,35
"16 : Manufacture of wood and of products of wood and cork, except furniture; manufacture of articles of straw and plaiting materials",16,"Manufacture of wood and of products of wood and cork, except furniture; manufacture of articles of straw and plaiting materials",2022,1285,11705,1400,1070,93.7743190661479,74.7081712062257,NA,NA,NA,1205,960,NA,NA,NA,35
"16 : Manufacture of wood and of products of wood and cork, except furniture; manufacture of articles of straw and plaiting materials",16,"Manufacture of wood and of products of wood and cork, except furniture; manufacture of articles of straw and plaiting materials",2023,965,11560,1375,1090,94.8186528497409,NA,NA,NA,NA,915,NA,NA,NA,NA,40
17 : Manufacture of paper and paper products,17,Manufacture of paper and paper products,2019,125,1485,590,110,92,76,60,52,44,115,95,75,65,55,25
17 : Manufacture of paper and paper products,17,Manufacture of paper and paper products,2020,145,1500,580,85,93.1034482758621,75.8620689655172,55.1724137931034,48.2758620689655,NA,135,110,80,70,NA,20
17 : Manufacture of paper and paper products,17,Manufacture of paper and paper products,2021,135,1520,565,85,96.2962962962963,74.0740740740741,59.2592592592593,NA,NA,130,100,80,NA,NA,20
17 : Manufacture of paper and paper products,17,Manufacture of paper and paper products,2022,145,1570,570,115,89.6551724137931,62.0689655172414,NA,NA,NA,130,90,NA,NA,NA,20
17 : Manufacture of paper and paper products,17,Manufacture of paper and paper products,2023,90,1525,565,120,94.4444444444444,NA,NA,NA,NA,85,NA,NA,NA,NA,15
18 : Printing and reproduction of recorded media,18,Printing and reproduction of recorded media,2019,850,12295,1695,1150,87.6470588235294,60.5882352941176,51.1764705882353,44.1176470588235,39.4117647058824,745,515,435,375,335,35
18 : Printing and reproduction of recorded media,18,Printing and reproduction of recorded media,2020,840,11945,1615,1000,93.4523809523809,67.8571428571429,50.5952380952381,43.452380952381,NA,785,570,425,365,NA,30
18 : Printing and reproduction of recorded media,18,Printing and reproduction of recorded media,2021,765,11680,1495,860,96.078431372549,73.202614379085,60.1307189542484,NA,NA,735,560,460,NA,NA,25
18 : Printing and reproduction of recorded media,18,Printing and reproduction of recorded media,2022,635,11310,1435,1110,92.9133858267717,70.0787401574803,NA,NA,NA,590,445,NA,NA,NA,25
18 : Printing and reproduction of recorded media,18,Printing and reproduction of recorded media,2023,605,10765,1360,880,94.2148760330578,NA,NA,NA,NA,570,NA,NA,NA,NA,20
19 : Manufacture of coke and refined petroleum products,19,Manufacture of coke and refined petroleum products,2019,5,100,45,5,100,0,0,0,0,5,0,0,0,0,0
19 : Manufacture of coke and refined petroleum products,19,Manufacture of coke and refined petroleum products,2020,5,95,40,5,100,100,100,0,NA,5,5,5,0,NA,0
19 : Manufacture of coke and refined petroleum products,19,Manufacture of coke and refined petroleum products,2021,15,120,40,5,100,66.6666666666667,66.6666666666667,NA,NA,15,10,10,NA,NA,0
19 : Manufacture of coke and refined petroleum products,19,Manufacture of coke and refined petroleum products,2022,0,100,40,10,0,0,NA,NA,NA,0,0,NA,NA,NA,0
19 : Manufacture of coke and refined petroleum products,19,Manufacture of coke and refined petroleum products,2023,5,90,45,0,100,NA,NA,NA,NA,5,NA,NA,NA,NA,0
20 : Manufacture of chemicals and chemical products,20,Manufacture of chemicals and chemical products,2019,350,3240,970,255,94.2857142857143,72.8571428571428,55.7142857142857,48.5714285714286,41.4285714285714,330,255,195,170,145,40
20 : Manufacture of chemicals and chemical products,20,Manufacture of chemicals and chemical products,2020,420,3415,990,220,92.8571428571429,75,51.1904761904762,42.8571428571429,NA,390,315,215,180,NA,40
20 : Manufacture of chemicals and chemical products,20,Manufacture of chemicals and chemical products,2021,480,3655,1005,220,94.7916666666667,66.6666666666667,48.9583333333333,NA,NA,455,320,235,NA,NA,50
20 : Manufacture of chemicals and chemical products,20,Manufacture of chemicals and chemical products,2022,490,3850,990,410,86.734693877551,53.0612244897959,NA,NA,NA,425,260,NA,NA,NA,40
20 : Manufacture of chemicals and chemical products,20,Manufacture of chemicals and chemical products,2023,270,3710,995,430,88.8888888888889,NA,NA,NA,NA,240,NA,NA,NA,NA,50
21 : Manufacture of basic pharmaceutical products and pharmaceutical preparations,21,Manufacture of basic pharmaceutical products and pharmaceutical preparations,2019,90,725,200,55,94.4444444444444,72.2222222222222,55.5555555555556,50,38.8888888888889,85,65,50,45,35,15
21 : Manufacture of basic pharmaceutical products and pharmaceutical preparations,21,Manufacture of basic pharmaceutical products and pharmaceutical preparations,2020,100,755,210,50,100,75,50,45,NA,100,75,50,45,NA,10
21 : Manufacture of basic pharmaceutical products and pharmaceutical preparations,21,Manufacture of basic pharmaceutical products and pharmaceutical preparations,2021,85,760,215,75,94.1176470588235,64.7058823529412,35.2941176470588,NA,NA,80,55,30,NA,NA,15
21 : Manufacture of basic pharmaceutical products and pharmaceutical preparations,21,Manufacture of basic pharmaceutical products and pharmaceutical preparations,2022,85,740,195,80,88.2352941176471,58.8235294117647,NA,NA,NA,75,50,NA,NA,NA,10
21 : Manufacture of basic pharmaceutical products and pharmaceutical preparations,21,Manufacture of basic pharmaceutical products and pharmaceutical preparations,2023,55,710,200,75,100,NA,NA,NA,NA,55,NA,NA,NA,NA,15
22 : Manufacture of rubber and plastic products,22,Manufacture of rubber and plastic products,2019,280,5905,2260,330,96.4285714285714,75,62.5,57.1428571428571,48.2142857142857,270,210,175,160,135,70
22 : Manufacture of rubber and plastic products,22,Manufacture of rubber and plastic products,2020,325,5860,2200,295,92.3076923076923,70.7692307692308,53.8461538461538,46.1538461538462,NA,300,230,175,150,NA,75
22 : Manufacture of rubber and plastic products,22,Manufacture of rubber and plastic products,2021,295,5805,2165,275,93.2203389830508,72.8813559322034,62.7118644067797,NA,NA,275,215,185,NA,NA,60
22 : Manufacture of rubber and plastic products,22,Manufacture of rubber and plastic products,2022,255,5740,2145,320,90.1960784313726,68.6274509803922,NA,NA,NA,230,175,NA,NA,NA,65
22 : Manufacture of rubber and plastic products,22,Manufacture of rubber and plastic products,2023,205,5555,2090,310,90.2439024390244,NA,NA,NA,NA,185,NA,NA,NA,NA,65
23 : Manufacture of other non-metallic mineral products,23,Manufacture of other non-metallic mineral products,2019,310,3985,1015,275,93.5483870967742,79.0322580645161,67.741935483871,59.6774193548387,50,290,245,210,185,155,35
23 : Manufacture of other non-metallic mineral products,23,Manufacture of other non-metallic mineral products,2020,310,4005,1015,200,95.1612903225807,75.8064516129032,62.9032258064516,58.0645161290323,NA,295,235,195,180,NA,25
23 : Manufacture of other non-metallic mineral products,23,Manufacture of other non-metallic mineral products,2021,385,4170,1025,230,92.2077922077922,70.1298701298701,59.7402597402597,NA,NA,355,270,230,NA,NA,35
23 : Manufacture of other non-metallic mineral products,23,Manufacture of other non-metallic mineral products,2022,680,4605,1060,360,85.2941176470588,47.0588235294118,NA,NA,NA,580,320,NA,NA,NA,30
23 : Manufacture of other non-metallic mineral products,23,Manufacture of other non-metallic mineral products,2023,360,4535,1060,505,87.5,NA,NA,NA,NA,315,NA,NA,NA,NA,30
24 : Manufacture of basic metals,24,Manufacture of basic metals,2019,205,1985,585,155,95.1219512195122,78.0487804878049,63.4146341463415,51.219512195122,46.3414634146341,195,160,130,105,95,20
24 : Manufacture of basic metals,24,Manufacture of basic metals,2020,185,1980,595,145,94.5945945945946,75.6756756756757,59.4594594594595,51.3513513513513,NA,175,140,110,95,NA,15
24 : Manufacture of basic metals,24,Manufacture of basic metals,2021,175,1985,590,145,94.2857142857143,74.2857142857143,60,NA,NA,165,130,105,NA,NA,10
24 : Manufacture of basic metals,24,Manufacture of basic metals,2022,200,2020,580,145,95,65,NA,NA,NA,190,130,NA,NA,NA,10
24 : Manufacture of basic metals,24,Manufacture of basic metals,2023,155,2010,565,180,93.5483870967742,NA,NA,NA,NA,145,NA,NA,NA,NA,15
"25 : Manufacture of fabricated metal products, except machinery and equipment",25,"Manufacture of fabricated metal products, except machinery and equipment",2019,1410,29330,6005,2945,93.9716312056738,78.0141843971631,61.7021276595745,52.8368794326241,46.4539007092199,1325,1100,870,745,655,185
"25 : Manufacture of fabricated metal products, except machinery and equipment",25,"Manufacture of fabricated metal products, except machinery and equipment",2020,1250,28525,5900,2190,94.8,74.8,59.6,52,NA,1185,935,745,650,NA,160
"25 : Manufacture of fabricated metal products, except machinery and equipment",25,"Manufacture of fabricated metal products, except machinery and equipment",2021,1475,28445,5810,2710,93.8983050847458,73.8983050847458,60.3389830508475,NA,NA,1385,1090,890,NA,NA,125
"25 : Manufacture of fabricated metal products, except machinery and equipment",25,"Manufacture of fabricated metal products, except machinery and equipment",2022,1320,26585,5695,2935,93.1818181818182,73.1060606060606,NA,NA,NA,1230,965,NA,NA,NA,120
"25 : Manufacture of fabricated metal products, except machinery and equipment",25,"Manufacture of fabricated metal products, except machinery and equipment",2023,1035,24480,5575,1845,95.6521739130435,NA,NA,NA,NA,990,NA,NA,NA,NA,140
"26 : Manufacture of computer, electronic and optical products",26,"Manufacture of computer, electronic and optical products",2019,490,6435,1405,540,93.8775510204082,73.469387755102,56.1224489795918,47.9591836734694,43.8775510204082,460,360,275,235,215,70
"26 : Manufacture of computer, electronic and optical products",26,"Manufacture of computer, electronic and optical products",2020,485,6265,1415,475,92.7835051546392,72.1649484536082,52.5773195876289,44.3298969072165,NA,450,350,255,215,NA,65
"26 : Manufacture of computer, electronic and optical products",26,"Manufacture of computer, electronic and optical products",2021,480,6275,1425,475,94.7916666666667,70.8333333333333,56.25,NA,NA,455,340,270,NA,NA,50
"26 : Manufacture of computer, electronic and optical products",26,"Manufacture of computer, electronic and optical products",2022,480,6235,1440,575,90.625,60.4166666666667,NA,NA,NA,435,290,NA,NA,NA,45
"26 : Manufacture of computer, electronic and optical products",26,"Manufacture of computer, electronic and optical products",2023,380,5965,1435,500,88.1578947368421,NA,NA,NA,NA,335,NA,NA,NA,NA,55
27 : Manufacture of electrical equipment,27,Manufacture of electrical equipment,2019,255,3245,1060,210,94.1176470588235,74.5098039215686,56.8627450980392,47.0588235294118,41.1764705882353,240,190,145,120,105,45
27 : Manufacture of electrical equipment,27,Manufacture of electrical equipment,2020,295,3315,1070,200,91.5254237288136,67.7966101694915,54.2372881355932,42.3728813559322,NA,270,200,160,125,NA,40
27 : Manufacture of electrical equipment,27,Manufacture of electrical equipment,2021,285,3350,1070,240,92.9824561403509,68.4210526315789,54.3859649122807,NA,NA,265,195,155,NA,NA,25
27 : Manufacture of electrical equipment,27,Manufacture of electrical equipment,2022,305,3410,1055,275,95.0819672131148,60.655737704918,NA,NA,NA,290,185,NA,NA,NA,25
27 : Manufacture of electrical equipment,27,Manufacture of electrical equipment,2023,230,3330,1050,305,91.304347826087,NA,NA,NA,NA,210,NA,NA,NA,NA,40
28 : Manufacture of machinery and equipment n.e.c.,28,Manufacture of machinery and equipment n.e.c.,2019,585,8120,2220,555,93.1623931623932,74.3589743589744,55.5555555555556,47.008547008547,42.7350427350427,545,435,325,275,250,80
28 : Manufacture of machinery and equipment n.e.c.,28,Manufacture of machinery and equipment n.e.c.,2020,535,8035,2175,505,93.4579439252336,76.6355140186916,60.7476635514019,51.4018691588785,NA,500,410,325,275,NA,70
28 : Manufacture of machinery and equipment n.e.c.,28,Manufacture of machinery and equipment n.e.c.,2021,495,7935,2170,525,92.9292929292929,68.6868686868687,57.5757575757576,NA,NA,460,340,285,NA,NA,50
28 : Manufacture of machinery and equipment n.e.c.,28,Manufacture of machinery and equipment n.e.c.,2022,790,8115,2165,670,89.873417721519,55.6962025316456,NA,NA,NA,710,440,NA,NA,NA,55
28 : Manufacture of machinery and equipment n.e.c.,28,Manufacture of machinery and equipment n.e.c.,2023,425,7805,2110,615,92.9411764705882,NA,NA,NA,NA,395,NA,NA,NA,NA,50
"29 : Manufacture of motor vehicles, trailers and semi-trailers",29,"Manufacture of motor vehicles, trailers and semi-trailers",2019,445,3830,775,365,95.5056179775281,71.9101123595506,46.0674157303371,33.7078651685393,30.3370786516854,425,320,205,150,135,40
"29 : Manufacture of motor vehicles, trailers and semi-trailers",29,"Manufacture of motor vehicles, trailers and semi-trailers",2020,395,3875,770,425,93.6708860759494,74.6835443037975,56.9620253164557,43.0379746835443,NA,370,295,225,170,NA,25
"29 : Manufacture of motor vehicles, trailers and semi-trailers",29,"Manufacture of motor vehicles, trailers and semi-trailers",2021,570,4080,785,440,94.7368421052632,69.2982456140351,56.140350877193,NA,NA,540,395,320,NA,NA,20
"29 : Manufacture of motor vehicles, trailers and semi-trailers",29,"Manufacture of motor vehicles, trailers and semi-trailers",2022,435,4005,795,480,90.8045977011494,64.367816091954,NA,NA,NA,395,280,NA,NA,NA,25
"29 : Manufacture of motor vehicles, trailers and semi-trailers",29,"Manufacture of motor vehicles, trailers and semi-trailers",2023,320,3890,780,390,92.1875,NA,NA,NA,NA,295,NA,NA,NA,NA,30
30 : Manufacture of other transport equipment,30,Manufacture of other transport equipment,2019,275,2595,350,295,92.7272727272727,70.9090909090909,47.2727272727273,36.3636363636364,29.0909090909091,255,195,130,100,80,25
30 : Manufacture of other transport equipment,30,Manufacture of other transport equipment,2020,230,2535,350,290,93.4782608695652,60.8695652173913,36.9565217391304,30.4347826086957,NA,215,140,85,70,NA,25
30 : Manufacture of other transport equipment,30,Manufacture of other transport equipment,2021,280,2580,370,395,87.5,64.2857142857143,51.7857142857143,NA,NA,245,180,145,NA,NA,10
30 : Manufacture of other transport equipment,30,Manufacture of other transport equipment,2022,280,2390,375,410,92.8571428571429,57.1428571428571,NA,NA,NA,260,160,NA,NA,NA,10
30 : Manufacture of other transport equipment,30,Manufacture of other transport equipment,2023,205,2180,360,265,92.6829268292683,NA,NA,NA,NA,190,NA,NA,NA,NA,15
31 : Manufacture of furniture,31,Manufacture of furniture,2019,600,6960,1425,580,94.1666666666667,77.5,65,55.8333333333333,47.5,565,465,390,335,285,50
31 : Manufacture of furniture,31,Manufacture of furniture,2020,650,7025,1400,475,95.3846153846154,79.2307692307692,63.0769230769231,52.3076923076923,NA,620,515,410,340,NA,35
31 : Manufacture of furniture,31,Manufacture of furniture,2021,820,7365,1410,465,95.1219512195122,75,59.1463414634146,NA,NA,780,615,485,NA,NA,35
31 : Manufacture of furniture,31,Manufacture of furniture,2022,680,7525,1375,640,94.8529411764706,67.6470588235294,NA,NA,NA,645,460,NA,NA,NA,40
31 : Manufacture of furniture,31,Manufacture of furniture,2023,585,7450,1345,745,94.017094017094,NA,NA,NA,NA,550,NA,NA,NA,NA,45
32 : Other manufacturing,32,Other manufacturing,2019,1460,11170,1200,1010,95.5479452054795,74.6575342465753,35.2739726027397,30.1369863013699,27.3972602739726,1395,1090,515,440,400,40
32 : Other manufacturing,32,Other manufacturing,2020,1285,11370,1205,980,95.3307392996109,61.0894941634241,44.7470817120623,38.5214007782101,NA,1225,785,575,495,NA,50
32 : Other manufacturing,32,Other manufacturing,2021,1105,11380,1200,1720,94.5701357466063,69.2307692307692,54.2986425339367,NA,NA,1045,765,600,NA,NA,45
32 : Other manufacturing,32,Other manufacturing,2022,1035,10945,1220,1100,92.7536231884058,68.1159420289855,NA,NA,NA,960,705,NA,NA,NA,40
32 : Other manufacturing,32,Other manufacturing,2023,980,10880,1205,1225,91.8367346938776,NA,NA,NA,NA,900,NA,NA,NA,NA,30
33 : Repair and installation of machinery and equipment,33,Repair and installation of machinery and equipment,2019,2380,16665,1370,1480,95.1680672268908,77.3109243697479,56.7226890756302,43.9075630252101,38.4453781512605,2265,1840,1350,1045,915,65
33 : Repair and installation of machinery and equipment,33,Repair and installation of machinery and equipment,2020,2095,17135,1385,1630,95.2267303102625,72.3150357995227,52.9832935560859,46.0620525059666,NA,1995,1515,1110,965,NA,50
33 : Repair and installation of machinery and equipment,33,Repair and installation of machinery and equipment,2021,1750,16865,1400,2180,92.8571428571429,76.8571428571429,65.1428571428572,NA,NA,1625,1345,1140,NA,NA,40
33 : Repair and installation of machinery and equipment,33,Repair and installation of machinery and equipment,2022,1675,16395,1460,1845,94.3283582089552,77.6119402985075,NA,NA,NA,1580,1300,NA,NA,NA,45
33 : Repair and installation of machinery and equipment,33,Repair and installation of machinery and equipment,2023,1595,16080,1460,1280,95.9247648902821,NA,NA,NA,NA,1530,NA,NA,NA,NA,65
"35 : Electricity, gas, steam and air conditioning supply",35,"Electricity, gas, steam and air conditioning supply",2019,630,6120,555,360,94.4444444444444,70.6349206349206,52.3809523809524,44.4444444444444,40.4761904761905,595,445,330,280,255,30
"35 : Electricity, gas, steam and air conditioning supply",35,"Electricity, gas, steam and air conditioning supply",2020,535,6125,535,270,76.6355140186916,63.5514018691589,45.7943925233645,40.1869158878505,NA,410,340,245,215,NA,30
"35 : Electricity, gas, steam and air conditioning supply",35,"Electricity, gas, steam and air conditioning supply",2021,605,6270,575,255,93.3884297520661,57.0247933884297,40.495867768595,NA,NA,565,345,245,NA,NA,30
"35 : Electricity, gas, steam and air conditioning supply",35,"Electricity, gas, steam and air conditioning supply",2022,520,6235,475,345,91.3461538461538,52.8846153846154,NA,NA,NA,475,275,NA,NA,NA,30
"35 : Electricity, gas, steam and air conditioning supply",35,"Electricity, gas, steam and air conditioning supply",2023,590,6270,465,330,90.6779661016949,NA,NA,NA,NA,535,NA,NA,NA,NA,25
"36 : Water collection, treatment and supply",36,"Water collection, treatment and supply",2019,5,115,50,5,100,100,100,0,0,5,5,5,0,0,5
"36 : Water collection, treatment and supply",36,"Water collection, treatment and supply",2020,5,110,50,5,100,100,0,0,NA,5,5,0,0,NA,10
"36 : Water collection, treatment and supply",36,"Water collection, treatment and supply",2021,0,115,55,10,0,0,0,NA,NA,0,0,0,NA,NA,5
"36 : Water collection, treatment and supply",36,"Water collection, treatment and supply",2022,5,100,50,5,100,100,NA,NA,NA,5,5,NA,NA,NA,5
"36 : Water collection, treatment and supply",36,"Water collection, treatment and supply",2023,5,105,50,5,100,NA,NA,NA,NA,5,NA,NA,NA,NA,5
37 : Sewerage,37,Sewerage,2019,80,1075,195,70,100,75,68.75,62.5,56.25,80,60,55,50,45,5
37 : Sewerage,37,Sewerage,2020,120,1125,190,65,95.8333333333333,79.1666666666667,62.5,54.1666666666667,NA,115,95,75,65,NA,5
37 : Sewerage,37,Sewerage,2021,140,1200,195,65,92.8571428571429,78.5714285714286,64.2857142857143,NA,NA,130,110,90,NA,NA,10
37 : Sewerage,37,Sewerage,2022,115,1250,205,100,91.304347826087,69.5652173913043,NA,NA,NA,105,80,NA,NA,NA,10
37 : Sewerage,37,Sewerage,2023,120,1270,205,100,91.6666666666667,NA,NA,NA,NA,110,NA,NA,NA,NA,10
"38 : Waste collection, treatment and disposal activities; materials recovery",38,"Waste collection, treatment and disposal activities; materials recovery",2019,630,6245,1390,540,94.4444444444444,76.1904761904762,60.3174603174603,52.3809523809524,45.2380952380952,595,480,380,330,285,90
"38 : Waste collection, treatment and disposal activities; materials recovery",38,"Waste collection, treatment and disposal activities; materials recovery",2020,660,6310,1375,485,89.3939393939394,71.2121212121212,53.7878787878788,46.2121212121212,NA,590,470,355,305,NA,75
"38 : Waste collection, treatment and disposal activities; materials recovery",38,"Waste collection, treatment and disposal activities; materials recovery",2021,830,6640,1395,490,94.578313253012,69.2771084337349,51.8072289156626,NA,NA,785,575,430,NA,NA,55
"38 : Waste collection, treatment and disposal activities; materials recovery",38,"Waste collection, treatment and disposal activities; materials recovery",2022,720,6850,1440,630,93.0555555555556,69.4444444444444,NA,NA,NA,670,500,NA,NA,NA,65
"38 : Waste collection, treatment and disposal activities; materials recovery",38,"Waste collection, treatment and disposal activities; materials recovery",2023,585,6790,1440,645,92.3076923076923,NA,NA,NA,NA,540,NA,NA,NA,NA,75
39 : Remediation activities and other waste management services.,39,Remediation activities and other waste management services.,2019,190,1175,170,125,97.3684210526316,84.2105263157895,63.1578947368421,52.6315789473684,47.3684210526316,185,160,120,100,90,5
39 : Remediation activities and other waste management services.,39,Remediation activities and other waste management services.,2020,190,1245,190,80,97.3684210526316,78.9473684210526,60.5263157894737,52.6315789473684,NA,185,150,115,100,NA,10
39 : Remediation activities and other waste management services.,39,Remediation activities and other waste management services.,2021,175,1320,195,135,97.1428571428571,77.1428571428572,60,NA,NA,170,135,105,NA,NA,10
39 : Remediation activities and other waste management services.,39,Remediation activities and other waste management services.,2022,180,1380,220,125,94.4444444444444,66.6666666666667,NA,NA,NA,170,120,NA,NA,NA,10
39 : Remediation activities and other waste management services.,39,Remediation activities and other waste management services.,2023,140,1375,220,145,92.8571428571429,NA,NA,NA,NA,130,NA,NA,NA,NA,10
41 : Construction of buildings,41,Construction of buildings,2019,16175,118130,5230,11995,94.7140649149923,74.3431221020093,59.2890262751159,49.6754250386399,42.4729520865533,15320,12025,9590,8035,6870,225
41 : Construction of buildings,41,Construction of buildings,2020,15525,121845,5140,10395,92.6247987117552,73.1723027375201,55.5877616747182,46.3123993558776,NA,14380,11360,8630,7190,NA,200
41 : Construction of buildings,41,Construction of buildings,2021,19655,131415,5455,10810,95.3955736453829,70.0839481048079,54.3118799287713,NA,NA,18750,13775,10675,NA,NA,175
41 : Construction of buildings,41,Construction of buildings,2022,18060,136820,5715,14950,91.8881506090808,62.0708748615725,NA,NA,NA,16595,11210,NA,NA,NA,170
41 : Construction of buildings,41,Construction of buildings,2023,16355,137330,5625,15870,91.8067869153164,NA,NA,NA,NA,15015,NA,NA,NA,NA,185
42 : Civil engineering,42,Civil engineering,2019,4150,29075,2170,3190,93.0120481927711,70.2409638554217,46.9879518072289,33.1325301204819,27.2289156626506,3860,2915,1950,1375,1130,110
42 : Civil engineering,42,Civil engineering,2020,3345,28930,2100,3150,94.7683109118087,65.4708520179372,42.7503736920777,35.575485799701,NA,3170,2190,1430,1190,NA,110
42 : Civil engineering,42,Civil engineering,2021,3050,28505,2140,4225,87.0491803278689,62.1311475409836,50,NA,NA,2655,1895,1525,NA,NA,85
42 : Civil engineering,42,Civil engineering,2022,2965,27045,2160,3925,92.7487352445194,64.0809443507589,NA,NA,NA,2750,1900,NA,NA,NA,80
42 : Civil engineering,42,Civil engineering,2023,3165,25920,2150,2915,93.2069510268562,NA,NA,NA,NA,2950,NA,NA,NA,NA,80
43 : Specialised construction activities,43,Specialised construction activities,2019,28245,243200,12805,23760,93.1492299522039,77.0932908479377,62.3119136130289,52.7881040892193,46.2028677642061,26310,21775,17600,14910,13050,565
43 : Specialised construction activities,43,Specialised construction activities,2020,23615,242175,12640,20190,94.2832945161973,76.0957018843955,62.0791869574423,53.5888206648317,NA,22265,17970,14660,12655,NA,545
43 : Specialised construction activities,43,Specialised construction activities,2021,30270,251425,13160,21205,94.3508424182359,76.4288074000661,60.6210769739016,NA,NA,28560,23135,18350,NA,NA,460
43 : Specialised construction activities,43,Specialised construction activities,2022,28365,256565,13600,23760,94.6412832716376,73.9820200951877,NA,NA,NA,26845,20985,NA,NA,NA,490
43 : Specialised construction activities,43,Specialised construction activities,2023,27595,258910,13445,23750,94.5461134263454,NA,NA,NA,NA,26090,NA,NA,NA,NA,535
45 : Wholesale and retail trade and repair of motor vehicles and motorcycles,45,Wholesale and retail trade and repair of motor vehicles and motorcycles,2019,7420,84625,6530,8295,93.5309973045822,76.4824797843666,61.7250673854447,52.6954177897574,46.4285714285714,6940,5675,4580,3910,3445,195
45 : Wholesale and retail trade and repair of motor vehicles and motorcycles,45,Wholesale and retail trade and repair of motor vehicles and motorcycles,2020,7600,84160,6400,5955,95,77.1052631578947,60.7894736842105,51.7105263157895,NA,7220,5860,4620,3930,NA,185
45 : Wholesale and retail trade and repair of motor vehicles and motorcycles,45,Wholesale and retail trade and repair of motor vehicles and motorcycles,2021,8860,87460,6485,5950,94.8645598194131,76.0158013544018,62.3589164785553,NA,NA,8405,6735,5525,NA,NA,160
45 : Wholesale and retail trade and repair of motor vehicles and motorcycles,45,Wholesale and retail trade and repair of motor vehicles and motorcycles,2022,7575,88520,6450,7850,92.8712871287129,72.2772277227723,NA,NA,NA,7035,5475,NA,NA,NA,150
45 : Wholesale and retail trade and repair of motor vehicles and motorcycles,45,Wholesale and retail trade and repair of motor vehicles and motorcycles,2023,7705,88280,6465,7295,94.2894224529526,NA,NA,NA,NA,7265,NA,NA,NA,NA,165
"46 : Wholesale trade, except of motor vehicles and motorcycles",46,"Wholesale trade, except of motor vehicles and motorcycles",2019,9390,112005,18490,10000,93.6102236421725,72.790202342918,56.4962726304579,47.9765708200213,41.7465388711395,8790,6835,5305,4505,3920,825
"46 : Wholesale trade, except of motor vehicles and motorcycles",46,"Wholesale trade, except of motor vehicles and motorcycles",2020,13525,114570,18125,8470,93.7892791127542,73.3086876155268,46.2107208872458,36.5619223659889,NA,12685,9915,6250,4945,NA,730
"46 : Wholesale trade, except of motor vehicles and motorcycles",46,"Wholesale trade, except of motor vehicles and motorcycles",2021,13480,118565,18015,8935,94.7329376854599,64.5771513353116,43.620178041543,NA,NA,12770,8705,5880,NA,NA,605
"46 : Wholesale trade, except of motor vehicles and motorcycles",46,"Wholesale trade, except of motor vehicles and motorcycles",2022,10760,119145,18120,13195,92.0074349442379,60.0836431226766,NA,NA,NA,9900,6465,NA,NA,NA,625
"46 : Wholesale trade, except of motor vehicles and motorcycles",46,"Wholesale trade, except of motor vehicles and motorcycles",2023,9620,114595,17985,11740,92.8794178794179,NA,NA,NA,NA,8935,NA,NA,NA,NA,705
"47 : Retail trade, except of motor vehicles and motorcycles",47,"Retail trade, except of motor vehicles and motorcycles",2019,31935,236455,19490,26705,94.2539533427274,74.5733521214968,51.8396743385001,40.5667762642868,34.5075935493972,30100,23815,16555,12955,11020,730
"47 : Retail trade, except of motor vehicles and motorcycles",47,"Retail trade, except of motor vehicles and motorcycles",2020,34630,239195,19365,25485,86.4135142939648,72.1628645682934,48.3684666474155,38.9979786312446,NA,29925,24990,16750,13505,NA,700
"47 : Retail trade, except of motor vehicles and motorcycles",47,"Retail trade, except of motor vehicles and motorcycles",2021,38870,251025,20030,25265,92.7707743761255,66.3236429122717,48.7393877025984,NA,NA,36060,25780,18945,NA,NA,640
"47 : Retail trade, except of motor vehicles and motorcycles",47,"Retail trade, except of motor vehicles and motorcycles",2022,29420,252455,20535,33170,89.5819170632223,64.0890550645819,NA,NA,NA,26355,18855,NA,NA,NA,685
"47 : Retail trade, except of motor vehicles and motorcycles",47,"Retail trade, except of motor vehicles and motorcycles",2023,26725,244565,20460,29200,92.2544434050514,NA,NA,NA,NA,24655,NA,NA,NA,NA,775
49 : Land transport and transport via pipelines,49,Land transport and transport via pipelines,2019,18225,84875,6535,9775,96.241426611797,76.241426611797,44.3621399176955,27.681755829904,22.7434842249657,17540,13895,8085,5045,4145,255
49 : Land transport and transport via pipelines,49,Land transport and transport via pipelines,2020,14840,89265,6505,11385,96.1253369272237,53.6725067385445,34.1307277628032,27.0215633423181,NA,14265,7965,5065,4010,NA,240
49 : Land transport and transport via pipelines,49,Land transport and transport via pipelines,2021,20660,95995,7275,20580,91.1423039690223,63.3833494675702,31.6795740561471,NA,NA,18830,13095,6545,NA,NA,185
49 : Land transport and transport via pipelines,49,Land transport and transport via pipelines,2022,16670,89430,7050,16930,94.8410317936413,55.878824235153,NA,NA,NA,15810,9315,NA,NA,NA,195
49 : Land transport and transport via pipelines,49,Land transport and transport via pipelines,2023,11050,81160,6430,16825,88.6425339366516,NA,NA,NA,NA,9795,NA,NA,NA,NA,235
50 : Water transport,50,Water transport,2019,115,1510,185,130,91.304347826087,73.9130434782609,60.8695652173913,52.1739130434783,47.8260869565217,105,85,70,60,55,5
50 : Water transport,50,Water transport,2020,125,1495,175,100,100,76,64,56,NA,125,95,80,70,NA,5
50 : Water transport,50,Water transport,2021,115,1505,185,115,95.6521739130435,78.2608695652174,69.5652173913043,NA,NA,110,90,80,NA,NA,5
50 : Water transport,50,Water transport,2022,115,1495,185,130,100,78.2608695652174,NA,NA,NA,115,90,NA,NA,NA,5
50 : Water transport,50,Water transport,2023,140,1490,180,115,92.8571428571429,NA,NA,NA,NA,130,NA,NA,NA,NA,10
51 : Air transport,51,Air transport,2019,60,830,130,190,91.6666666666667,75,66.6666666666667,58.3333333333333,50,55,45,40,35,30,10
51 : Air transport,51,Air transport,2020,60,875,120,65,91.6666666666667,75,50,41.6666666666667,NA,55,45,30,25,NA,5
51 : Air transport,51,Air transport,2021,255,1255,120,135,96.078431372549,58.8235294117647,43.1372549019608,NA,NA,245,150,110,NA,NA,5
51 : Air transport,51,Air transport,2022,85,1150,120,295,88.2352941176471,70.5882352941177,NA,NA,NA,75,60,NA,NA,NA,0
51 : Air transport,51,Air transport,2023,110,1025,110,120,90.9090909090909,NA,NA,NA,NA,100,NA,NA,NA,NA,5
52 : Warehousing and support activities for transportation,52,Warehousing and support activities for transportation,2019,2960,22485,2655,4605,94.4256756756757,71.6216216216216,46.9594594594595,33.9527027027027,28.0405405405405,2795,2120,1390,1005,830,140
52 : Warehousing and support activities for transportation,52,Warehousing and support activities for transportation,2020,2430,20655,2495,3535,94.4444444444444,67.9012345679012,47.119341563786,39.0946502057613,NA,2295,1650,1145,950,NA,125
52 : Warehousing and support activities for transportation,52,Warehousing and support activities for transportation,2021,2900,20530,2550,3035,94.1379310344828,63.7931034482759,47.7586206896552,NA,NA,2730,1850,1385,NA,NA,130
52 : Warehousing and support activities for transportation,52,Warehousing and support activities for transportation,2022,2430,20790,2655,3690,92.1810699588477,60.9053497942387,NA,NA,NA,2240,1480,NA,NA,NA,140
52 : Warehousing and support activities for transportation,52,Warehousing and support activities for transportation,2023,2205,20420,2680,3365,89.7959183673469,NA,NA,NA,NA,1980,NA,NA,NA,NA,175
53 : Postal and courier activities,53,Postal and courier activities,2019,11055,33210,760,6440,87.6526458616011,51.7412935323383,28.9009497964722,18.9054726368159,14.2017186793306,9690,5720,3195,2090,1570,40
53 : Postal and courier activities,53,Postal and courier activities,2020,19910,46745,745,9900,83.2496233048719,42.9432446007032,19.4123556002009,13.6614766449021,NA,16575,8550,3865,2720,NA,35
53 : Postal and courier activities,53,Postal and courier activities,2021,22215,59195,760,16345,80.7787530947558,39.7029034436192,23.8577537699752,NA,NA,17945,8820,5300,NA,NA,50
53 : Postal and courier activities,53,Postal and courier activities,2022,17160,59505,755,21445,71.6491841491842,41.5501165501165,NA,NA,NA,12295,7130,NA,NA,NA,55
53 : Postal and courier activities,53,Postal and courier activities,2023,8280,46215,705,13020,80.3743961352657,NA,NA,NA,NA,6655,NA,NA,NA,NA,40
55 : Accommodation,55,Accommodation,2019,1860,19820,6265,1425,94.3548387096774,77.6881720430108,65.0537634408602,56.989247311828,49.4623655913978,1755,1445,1210,1060,920,210
55 : Accommodation,55,Accommodation,2020,1695,20135,6090,1420,93.5103244837758,79.646017699115,64.6017699115044,56.047197640118,NA,1585,1350,1095,950,NA,170
55 : Accommodation,55,Accommodation,2021,2340,21055,5930,1245,95.7264957264957,79.9145299145299,68.1623931623932,NA,NA,2240,1870,1595,NA,NA,140
55 : Accommodation,55,Accommodation,2022,2395,22105,6135,1715,93.9457202505219,77.6617954070981,NA,NA,NA,2250,1860,NA,NA,NA,175
55 : Accommodation,55,Accommodation,2023,2440,22755,6120,1745,93.2377049180328,NA,NA,NA,NA,2275,NA,NA,NA,NA,280
56 : Food and beverage service activities,56,Food and beverage service activities,2019,26930,165200,33805,23840,94.1700705532863,76.6988488674341,60.3601930932046,47.2335685109543,37.3189751206832,25360,20655,16255,12720,10050,1070
56 : Food and beverage service activities,56,Food and beverage service activities,2020,23490,165240,32415,19450,94.9765857811835,73.6483610046828,54.9382716049383,41.698595146871,NA,22310,17300,12905,9795,NA,960
56 : Food and beverage service activities,56,Food and beverage service activities,2021,28625,174900,33775,19450,94.5327510917031,72.3668122270742,48.6812227074236,NA,NA,27060,20715,13935,NA,NA,900
56 : Food and beverage service activities,56,Food and beverage service activities,2022,26155,179185,36875,24470,93.3091187153508,66.8705792391512,NA,NA,NA,24405,17490,NA,NA,NA,1160
56 : Food and beverage service activities,56,Food and beverage service activities,2023,26360,179805,37475,27855,93.9681335356601,NA,NA,NA,NA,24770,NA,NA,NA,NA,1510
58 : Publishing activities,58,Publishing activities,2019,1480,13435,1465,1305,94.5945945945946,75.6756756756757,61.8243243243243,53.7162162162162,47.2972972972973,1400,1120,915,795,700,75
58 : Publishing activities,58,Publishing activities,2020,1540,13455,1395,1115,94.1558441558442,75.974025974026,58.7662337662338,49.6753246753247,NA,1450,1170,905,765,NA,90
58 : Publishing activities,58,Publishing activities,2021,1555,13550,1405,1215,94.5337620578778,75.2411575562701,60.4501607717042,NA,NA,1470,1170,940,NA,NA,90
58 : Publishing activities,58,Publishing activities,2022,1600,13885,1475,1395,93.75,72.5,NA,NA,NA,1500,1160,NA,NA,NA,85
58 : Publishing activities,58,Publishing activities,2023,1585,13855,1445,1265,93.3753943217666,NA,NA,NA,NA,1480,NA,NA,NA,NA,105
"59 : Motion picture, video and television programme production, sound recording and music publishing activities",59,"Motion picture, video and television programme production, sound recording and music publishing activities",2019,3825,31260,1260,2650,96.8627450980392,81.0457516339869,64.8366013071895,55.4248366013072,49.281045751634,3705,3100,2480,2120,1885,75
"59 : Motion picture, video and television programme production, sound recording and music publishing activities",59,"Motion picture, video and television programme production, sound recording and music publishing activities",2020,3680,32050,1225,2455,94.0217391304348,79.4836956521739,63.9945652173913,54.6195652173913,NA,3460,2925,2355,2010,NA,65
"59 : Motion picture, video and television programme production, sound recording and music publishing activities",59,"Motion picture, video and television programme production, sound recording and music publishing activities",2021,4205,33400,1365,2520,95.8382877526754,77.4078478002378,63.7336504161712,NA,NA,4030,3255,2680,NA,NA,70
"59 : Motion picture, video and television programme production, sound recording and music publishing activities",59,"Motion picture, video and television programme production, sound recording and music publishing activities",2022,4365,35005,1455,2960,94.7308132875143,78.4650630011455,NA,NA,NA,4135,3425,NA,NA,NA,75
"59 : Motion picture, video and television programme production, sound recording and music publishing activities",59,"Motion picture, video and television programme production, sound recording and music publishing activities",2023,4560,36220,1480,2705,94.6271929824561,NA,NA,NA,NA,4315,NA,NA,NA,NA,95
60 : Programming and broadcasting activities,60,Programming and broadcasting activities,2019,180,2135,150,195,97.2222222222222,83.3333333333333,63.8888888888889,50,44.4444444444444,175,150,115,90,80,15
60 : Programming and broadcasting activities,60,Programming and broadcasting activities,2020,240,2180,140,155,95.8333333333333,79.1666666666667,62.5,52.0833333333333,NA,230,190,150,125,NA,5
60 : Programming and broadcasting activities,60,Programming and broadcasting activities,2021,265,2270,135,195,94.3396226415094,71.6981132075472,60.377358490566,NA,NA,250,190,160,NA,NA,5
60 : Programming and broadcasting activities,60,Programming and broadcasting activities,2022,235,2295,145,225,97.8723404255319,82.9787234042553,NA,NA,NA,230,195,NA,NA,NA,5
60 : Programming and broadcasting activities,60,Programming and broadcasting activities,2023,245,2295,125,185,95.9183673469388,NA,NA,NA,NA,235,NA,NA,NA,NA,5
61 : Telecommunications,61,Telecommunications,2019,1090,9555,970,1020,94.954128440367,73.394495412844,55.9633027522936,46.3302752293578,38.5321100917431,1035,800,610,505,420,95
61 : Telecommunications,61,Telecommunications,2020,945,9445,970,1020,95.7671957671958,74.6031746031746,54.4973544973545,47.0899470899471,NA,905,705,515,445,NA,105
61 : Telecommunications,61,Telecommunications,2021,930,9360,995,1080,95.1612903225807,74.1935483870968,58.6021505376344,NA,NA,885,690,545,NA,NA,85
61 : Telecommunications,61,Telecommunications,2022,870,9050,1005,1130,95.4022988505747,75.2873563218391,NA,NA,NA,830,655,NA,NA,NA,90
61 : Telecommunications,61,Telecommunications,2023,985,8825,1025,900,94.9238578680203,NA,NA,NA,NA,935,NA,NA,NA,NA,105
"62 : Computer programming, consultancy and related activities",62,"Computer programming, consultancy and related activities",2019,21730,187790,8295,19300,96.0193281178095,76.6451909802117,54.4408651633686,41.3713759779107,34.537505752416,20865,16655,11830,8990,7505,740
"62 : Computer programming, consultancy and related activities",62,"Computer programming, consultancy and related activities",2020,14505,181680,8580,26075,94.2088934850052,72.9403653912444,53.9124439848328,44.6742502585315,NA,13665,10580,7820,6480,NA,780
"62 : Computer programming, consultancy and related activities",62,"Computer programming, consultancy and related activities",2021,13950,167640,9045,30075,95.0179211469534,75.5197132616487,60.1792114695341,NA,NA,13255,10535,8395,NA,NA,740
"62 : Computer programming, consultancy and related activities",62,"Computer programming, consultancy and related activities",2022,14125,150370,9600,22505,95.0442477876106,76.8141592920354,NA,NA,NA,13425,10850,NA,NA,NA,860
"62 : Computer programming, consultancy and related activities",62,"Computer programming, consultancy and related activities",2023,13935,140700,9725,15460,95.1560818083961,NA,NA,NA,NA,13260,NA,NA,NA,NA,1000
63 : Information service activities,63,Information service activities,2019,1775,10600,785,1380,93.5211267605634,69.5774647887324,49.5774647887324,37.7464788732394,30.7042253521127,1660,1235,880,670,545,65
63 : Information service activities,63,Information service activities,2020,1545,10890,805,1510,93.8511326860841,70.5501618122977,47.5728155339806,38.5113268608414,NA,1450,1090,735,595,NA,65
63 : Information service activities,63,Information service activities,2021,1445,10780,885,1705,93.4256055363322,67.8200692041522,50.1730103806228,NA,NA,1350,980,725,NA,NA,70
63 : Information service activities,63,Information service activities,2022,1260,10470,930,1605,90.8730158730159,67.4603174603175,NA,NA,NA,1145,850,NA,NA,NA,75
63 : Information service activities,63,Information service activities,2023,1070,9735,970,1270,93.9252336448598,NA,NA,NA,NA,1005,NA,NA,NA,NA,100
"64 (Excl 642) : Financial service activities, except insurance and pension funding",64,"64 (Excl 642) : Financial service activities, except insurance and pension funding",2019,1865,10915,1110,885,95.9785522788204,83.3780160857909,71.313672922252,64.6112600536193,57.9088471849866,1790,1555,1330,1205,1080,100
"64 (Excl 642) : Financial service activities, except insurance and pension funding",64,"64 (Excl 642) : Financial service activities, except insurance and pension funding",2020,1735,11305,1150,1015,95.3890489913545,84.7262247838617,73.7752161383285,64.5533141210375,NA,1655,1470,1280,1120,NA,105
"64 (Excl 642) : Financial service activities, except insurance and pension funding",64,"64 (Excl 642) : Financial service activities, except insurance and pension funding",2021,1260,11030,1165,1045,95.2380952380952,82.1428571428571,69.8412698412698,NA,NA,1200,1035,880,NA,NA,85
"64 (Excl 642) : Financial service activities, except insurance and pension funding",64,"64 (Excl 642) : Financial service activities, except insurance and pension funding",2022,1555,11510,1205,910,96.1414790996785,83.2797427652733,NA,NA,NA,1495,1295,NA,NA,NA,80
"64 (Excl 642) : Financial service activities, except insurance and pension funding",64,"64 (Excl 642) : Financial service activities, except insurance and pension funding",2023,1370,11530,1225,895,95.6204379562044,NA,NA,NA,NA,1310,NA,NA,NA,NA,100
"65 : Insurance, reinsurance and pension funding, except compulsory social security",65,"Insurance, reinsurance and pension funding, except compulsory social security",2019,250,1315,250,180,60,52,44,34,28,150,130,110,85,70,20
"65 : Insurance, reinsurance and pension funding, except compulsory social security",65,"Insurance, reinsurance and pension funding, except compulsory social security",2020,230,1325,250,185,54.3478260869565,45.6521739130435,34.7826086956522,30.4347826086957,NA,125,105,80,70,NA,20
"65 : Insurance, reinsurance and pension funding, except compulsory social security",65,"Insurance, reinsurance and pension funding, except compulsory social security",2021,190,1280,245,170,57.8947368421053,47.3684210526316,36.8421052631579,NA,NA,110,90,70,NA,NA,10
"65 : Insurance, reinsurance and pension funding, except compulsory social security",65,"Insurance, reinsurance and pension funding, except compulsory social security",2022,160,1250,245,185,53.125,40.625,NA,NA,NA,85,65,NA,NA,NA,10
"65 : Insurance, reinsurance and pension funding, except compulsory social security",65,"Insurance, reinsurance and pension funding, except compulsory social security",2023,155,1170,760,160,54.8387096774194,NA,NA,NA,NA,85,NA,NA,NA,NA,10
66 : Activities auxiliary to financial services and insurance activities,66,Activities auxiliary to financial services and insurance activities,2019,1805,29575,3420,2285,95.8448753462604,75.3462603878116,60.387811634349,51.5235457063712,45.4293628808864,1730,1360,1090,930,820,230
66 : Activities auxiliary to financial services and insurance activities,66,Activities auxiliary to financial services and insurance activities,2020,1330,29165,3430,2650,93.984962406015,79.6992481203008,66.1654135338346,57.8947368421053,NA,1250,1060,880,770,NA,250
66 : Activities auxiliary to financial services and insurance activities,66,Activities auxiliary to financial services and insurance activities,2021,1875,28915,3420,2405,96.5333333333333,81.3333333333333,71.2,NA,NA,1810,1525,1335,NA,NA,175
66 : Activities auxiliary to financial services and insurance activities,66,Activities auxiliary to financial services and insurance activities,2022,1060,27230,3410,2320,94.811320754717,79.7169811320755,NA,NA,NA,1005,845,NA,NA,NA,175
66 : Activities auxiliary to financial services and insurance activities,66,Activities auxiliary to financial services and insurance activities,2023,945,26185,3370,1700,94.1798941798942,NA,NA,NA,NA,890,NA,NA,NA,NA,210
68 : Real estate activities,68,Real estate activities,2019,10465,110570,6450,7495,94.6488294314381,77.8308647873865,65.4085045389393,58.0028666985189,52.4128045867176,9905,8145,6845,6070,5485,190
68 : Real estate activities,68,Real estate activities,2020,10245,112620,6430,6585,92.8745729624207,77.3060029282577,63.6896046852123,56.1737432894095,NA,9515,7920,6525,5755,NA,195
68 : Real estate activities,68,Real estate activities,2021,12355,118110,6555,6625,95.6697693241603,75.7992715499798,63.8203156616754,NA,NA,11820,9365,7885,NA,NA,170
68 : Real estate activities,68,Real estate activities,2022,11825,122695,6565,8305,94.46088794926,73.9112050739958,NA,NA,NA,11170,8740,NA,NA,NA,145
68 : Real estate activities,68,Real estate activities,2023,12790,126495,6510,8200,93.9796716184519,NA,NA,NA,NA,12020,NA,NA,NA,NA,200
69 : Legal and accounting activities,69,Legal and accounting activities,2019,6610,83800,7795,6925,95.9909228441755,79.1981845688351,63.0862329803328,53.9334341906203,48.9409984871407,6345,5235,4170,3565,3235,260
69 : Legal and accounting activities,69,Legal and accounting activities,2020,5430,82145,7755,6280,95.3959484346225,81.4917127071823,68.6003683241252,61.3259668508287,NA,5180,4425,3725,3330,NA,265
69 : Legal and accounting activities,69,Legal and accounting activities,2021,5565,81485,7770,6290,95.8670260557053,80.8625336927224,71.1590296495957,NA,NA,5335,4500,3960,NA,NA,220
69 : Legal and accounting activities,69,Legal and accounting activities,2022,4845,79405,7775,6370,95.9752321981424,83.4881320949432,NA,NA,NA,4650,4045,NA,NA,NA,235
69 : Legal and accounting activities,69,Legal and accounting activities,2023,4845,77590,7710,4725,95.9752321981424,NA,NA,NA,NA,4650,NA,NA,NA,NA,265
70 : Activities of head offices; management consultancy activities,70,Activities of head offices; management consultancy activities,2019,25760,208890,6535,24560,96.0597826086957,77.0186335403727,57.1234472049689,45.1281055900621,38.1599378881988,24745,19840,14715,11625,9830,410
70 : Activities of head offices; management consultancy activities,70,Activities of head offices; management consultancy activities,2020,20775,203330,6625,27215,94.4404332129964,76.3658243080626,58.1708784596871,48.5920577617329,NA,19620,15865,12085,10095,NA,390
70 : Activities of head offices; management consultancy activities,70,Activities of head offices; management consultancy activities,2021,20460,194590,7130,29195,95.2590420332356,76.3196480938416,62.0723362658847,NA,NA,19490,15615,12700,NA,NA,425
70 : Activities of head offices; management consultancy activities,70,Activities of head offices; management consultancy activities,2022,18755,181680,7700,25040,94.8547054118902,77.2060783790989,NA,NA,NA,17790,14480,NA,NA,NA,490
70 : Activities of head offices; management consultancy activities,70,Activities of head offices; management consultancy activities,2023,19860,175295,7915,18290,95.1409869083585,NA,NA,NA,NA,18895,NA,NA,NA,NA,590
71 : Architectural and engineering activities; technical testing and analysis,71,Architectural and engineering activities; technical testing and analysis,2019,10440,109585,6165,11485,95.8333333333333,77.7777777777778,57.6628352490421,44.9712643678161,38.5057471264368,10005,8120,6020,4695,4020,345
71 : Architectural and engineering activities; technical testing and analysis,71,Architectural and engineering activities; technical testing and analysis,2020,7780,105385,6150,11445,95.0514138817481,74.0359897172236,55.8483290488432,48.0719794344473,NA,7395,5760,4345,3740,NA,310
71 : Architectural and engineering activities; technical testing and analysis,71,Architectural and engineering activities; technical testing and analysis,2021,7435,101525,6235,13835,94.8217888365837,76.7316745124412,64.7612642905178,NA,NA,7050,5705,4815,NA,NA,295
71 : Architectural and engineering activities; technical testing and analysis,71,Architectural and engineering activities; technical testing and analysis,2022,6640,92950,6365,12745,95.5572289156626,80.5722891566265,NA,NA,NA,6345,5350,NA,NA,NA,330
71 : Architectural and engineering activities; technical testing and analysis,71,Architectural and engineering activities; technical testing and analysis,2023,7125,87150,6465,7885,95.5789473684211,NA,NA,NA,NA,6810,NA,NA,NA,NA,360
72 : Scientific research and development,72,Scientific research and development,2019,710,6130,1020,520,96.4788732394366,79.5774647887324,61.9718309859155,52.8169014084507,48.5915492957746,685,565,440,375,345,85
72 : Scientific research and development,72,Scientific research and development,2020,760,6300,1040,505,93.4210526315789,76.3157894736842,63.8157894736842,55.2631578947368,NA,710,580,485,420,NA,105
72 : Scientific research and development,72,Scientific research and development,2021,785,6525,1150,605,94.9044585987261,76.4331210191083,63.6942675159236,NA,NA,745,600,500,NA,NA,120
72 : Scientific research and development,72,Scientific research and development,2022,575,6345,1225,550,95.6521739130435,76.5217391304348,NA,NA,NA,550,440,NA,NA,NA,120
72 : Scientific research and development,72,Scientific research and development,2023,575,6310,1290,470,93.0434782608696,NA,NA,NA,NA,535,NA,NA,NA,NA,145
73 : Advertising and market research,73,Advertising and market research,2019,2860,25585,2440,2640,95.979020979021,78.3216783216783,61.7132867132867,50.6993006993007,44.2307692307692,2745,2240,1765,1450,1265,180
73 : Advertising and market research,73,Advertising and market research,2020,2790,25560,2375,2380,94.9820788530466,76.7025089605735,58.2437275985663,49.2831541218638,NA,2650,2140,1625,1375,NA,160
73 : Advertising and market research,73,Advertising and market research,2021,3065,26200,2415,2500,94.1272430668842,74.3882544861338,59.8694942903752,NA,NA,2885,2280,1835,NA,NA,155
73 : Advertising and market research,73,Advertising and market research,2022,2700,26020,2475,2840,93.8888888888889,73.8888888888889,NA,NA,NA,2535,1995,NA,NA,NA,185
73 : Advertising and market research,73,Advertising and market research,2023,2875,25865,2480,2490,93.7391304347826,NA,NA,NA,NA,2695,NA,NA,NA,NA,235
"74 : Other professional, scientific and technical activities",74,"Other professional, scientific and technical activities",2019,15255,94275,3115,10155,93.8053097345133,74.6312684365782,58.734841035726,47.1320878400524,39.9868895444117,14310,11385,8960,7190,6100,155
"74 : Other professional, scientific and technical activities",74,"Other professional, scientific and technical activities",2020,13340,93730,3110,10790,94.2278860569715,76.1244377811094,58.808095952024,48.1634182908546,NA,12570,10155,7845,6425,NA,145
"74 : Other professional, scientific and technical activities",74,"Other professional, scientific and technical activities",2021,10075,88120,3150,11020,92.605459057072,72.8039702233251,57.9652605459057,NA,NA,9330,7335,5840,NA,NA,145
"74 : Other professional, scientific and technical activities",74,"Other professional, scientific and technical activities",2022,13540,90990,3370,11000,93.2791728212703,73.0428360413589,NA,NA,NA,12630,9890,NA,NA,NA,155
"74 : Other professional, scientific and technical activities",74,"Other professional, scientific and technical activities",2023,13575,90170,3385,10380,94.6593001841621,NA,NA,NA,NA,12850,NA,NA,NA,NA,170
75 : Veterinary activities,75,Veterinary activities,2019,670,4415,1015,380,94.7761194029851,73.134328358209,45.5223880597015,32.089552238806,28.3582089552239,635,490,305,215,190,50
75 : Veterinary activities,75,Veterinary activities,2020,400,4345,965,465,92.5,70,51.25,45,NA,370,280,205,180,NA,40
75 : Veterinary activities,75,Veterinary activities,2021,340,4190,950,610,92.6470588235294,79.4117647058823,70.5882352941177,NA,NA,315,270,240,NA,NA,40
75 : Veterinary activities,75,Veterinary activities,2022,390,3810,895,440,96.1538461538462,88.4615384615385,NA,NA,NA,375,345,NA,NA,NA,35
75 : Veterinary activities,75,Veterinary activities,2023,360,3690,900,235,95.8333333333333,NA,NA,NA,NA,345,NA,NA,NA,NA,45
77 : Rental and leasing activities,77,Rental and leasing activities,2019,1755,19405,2410,1615,95.1566951566952,77.7777777777778,59.8290598290598,52.1367521367521,46.4387464387464,1670,1365,1050,915,815,145
77 : Rental and leasing activities,77,Rental and leasing activities,2020,1855,19475,2325,1285,94.3396226415094,76.8194070080862,58.7601078167116,49.8652291105121,NA,1750,1425,1090,925,NA,110
77 : Rental and leasing activities,77,Rental and leasing activities,2021,2000,20035,2295,1425,95.25,73.25,57.75,NA,NA,1905,1465,1155,NA,NA,90
77 : Rental and leasing activities,77,Rental and leasing activities,2022,1770,20185,2375,1690,93.2203389830508,68.0790960451977,NA,NA,NA,1650,1205,NA,NA,NA,90
77 : Rental and leasing activities,77,Rental and leasing activities,2023,1530,19835,2375,1595,93.7908496732026,NA,NA,NA,NA,1435,NA,NA,NA,NA,115
78 : Employment activities,78,Employment activities,2019,5295,36800,6400,6350,93.2011331444759,61.09537299339,46.081208687441,37.204910292729,32.1057601510859,4935,3235,2440,1970,1700,475
78 : Employment activities,78,Employment activities,2020,4170,34915,6130,5115,94.9640287769784,67.8657074340528,54.0767386091127,47.0023980815348,NA,3960,2830,2255,1960,NA,430
78 : Employment activities,78,Employment activities,2021,4855,34715,6390,4390,96.1894953656025,71.4727085478888,56.0247167868177,NA,NA,4670,3470,2720,NA,NA,395
78 : Employment activities,78,Employment activities,2022,3485,33280,6935,4250,94.1176470588235,72.7403156384505,NA,NA,NA,3280,2535,NA,NA,NA,455
78 : Employment activities,78,Employment activities,2023,4465,33860,6995,3445,94.2889137737962,NA,NA,NA,NA,4210,NA,NA,NA,NA,605
"79 : Travel agency, tour operator and other reservation service and related activities",79,"Travel agency, tour operator and other reservation service and related activities",2019,1090,9450,1050,825,96.7889908256881,77.0642201834862,55.5045871559633,46.7889908256881,41.2844036697248,1055,840,605,510,450,65
"79 : Travel agency, tour operator and other reservation service and related activities",79,"Travel agency, tour operator and other reservation service and related activities",2020,935,9510,995,810,94.6524064171123,70.0534759358289,50.2673796791444,42.7807486631016,NA,885,655,470,400,NA,65
"79 : Travel agency, tour operator and other reservation service and related activities",79,"Travel agency, tour operator and other reservation service and related activities",2021,945,9655,910,955,96.2962962962963,70.3703703703704,54.4973544973545,NA,NA,910,665,515,NA,NA,40
"79 : Travel agency, tour operator and other reservation service and related activities",79,"Travel agency, tour operator and other reservation service and related activities",2022,830,9365,885,1025,91.566265060241,72.8915662650602,NA,NA,NA,760,605,NA,NA,NA,30
"79 : Travel agency, tour operator and other reservation service and related activities",79,"Travel agency, tour operator and other reservation service and related activities",2023,1165,9510,890,810,94.8497854077253,NA,NA,NA,NA,1105,NA,NA,NA,NA,40
80 : Security and investigation activities,80,Security and investigation activities,2019,1580,10565,1580,1175,95.5696202531646,78.797468354430407,59.1772151898734,47.7848101265823,41.4556962025316,1510,1245,935,755,655,125
80 : Security and investigation activities,80,Security and investigation activities,2020,1570,10950,1600,1095,94.5859872611465,73.5668789808917,56.687898089172,46.4968152866242,NA,1485,1155,890,730,NA,135
80 : Security and investigation activities,80,Security and investigation activities,2021,1665,11500,1640,1225,95.1951951951952,72.3723723723724,55.8558558558559,NA,NA,1585,1205,930,NA,NA,130
80 : Security and investigation activities,80,Security and investigation activities,2022,1505,11660,1675,1405,94.6843853820598,74.7508305647841,NA,NA,NA,1425,1125,NA,NA,NA,145
80 : Security and investigation activities,80,Security and investigation activities,2023,1690,11900,1735,1295,93.491124260355,NA,NA,NA,NA,1580,NA,NA,NA,NA,165
81 : Services to buildings and landscape activities,81,Services to buildings and landscape activities,2019,4595,48005,5730,4455,95.5386289445049,80.7399347116431,69.2056583242655,59.4124047878128,51.5778019586507,4390,3710,3180,2730,2370,330
81 : Services to buildings and landscape activities,81,Services to buildings and landscape activities,2020,4760,48825,5705,3610,94.6428571428571,79.0966386554622,62.6050420168067,53.1512605042017,NA,4505,3765,2980,2530,NA,325
81 : Services to buildings and landscape activities,81,Services to buildings and landscape activities,2021,7620,53675,5985,3565,95.4068241469816,76.509186351706,61.6141732283465,NA,NA,7270,5830,4695,NA,NA,295
81 : Services to buildings and landscape activities,81,Services to buildings and landscape activities,2022,6785,56365,6250,5510,91.9675755342668,68.9019896831245,NA,NA,NA,6240,4675,NA,NA,NA,270
81 : Services to buildings and landscape activities,81,Services to buildings and landscape activities,2023,6495,57450,6350,5700,92.8406466512702,NA,NA,NA,NA,6030,NA,NA,NA,NA,325
"82 : Office administrative, office support and other business support activities",82,"Office administrative, office support and other business support activities",2019,39480,161435,6975,21720,94.8961499493414,68.1990881458967,45.694022289767,35.2963525835866,29.3439716312057,37465,26925,18040,13935,11585,340
"82 : Office administrative, office support and other business support activities",82,"Office administrative, office support and other business support activities",2020,29500,160590,6640,28545,94.728813559322,65.3559322033898,48.8983050847458,39.2542372881356,NA,27945,19280,14425,11580,NA,330
"82 : Office administrative, office support and other business support activities",82,"Office administrative, office support and other business support activities",2021,18655,140210,6690,28380,91.3696060037524,66.9257571696596,47.7619941034575,NA,NA,17045,12485,8910,NA,NA,315
"82 : Office administrative, office support and other business support activities",82,"Office administrative, office support and other business support activities",2022,25595,140685,7180,20640,94.2371556944716,70.1308849384645,NA,NA,NA,24120,17950,NA,NA,NA,370
"82 : Office administrative, office support and other business support activities",82,"Office administrative, office support and other business support activities",2023,22910,137050,7265,21725,93.4308162374509,NA,NA,NA,NA,21405,NA,NA,NA,NA,380
85 : Education,85,Education,2019,4430,44645,8220,3880,95.5981941309255,81.2641083521445,68.6230248306998,59.255079006772,52.2573363431151,4235,3600,3040,2625,2315,370
85 : Education,85,Education,2020,4225,45055,8125,3675,94.0828402366864,80.5917159763314,66.3905325443787,57.7514792899408,NA,3975,3405,2805,2440,NA,360
85 : Education,85,Education,2021,5385,46885,8135,3550,96.100278551532,79.108635097493,66.016713091922,NA,NA,5175,4260,3555,NA,NA,315
85 : Education,85,Education,2022,5000,48010,8365,4485,93.7,77.6,NA,NA,NA,4685,3880,NA,NA,NA,330
85 : Education,85,Education,2023,5030,48105,8190,4070,94.234592445328,NA,NA,NA,NA,4740,NA,NA,NA,NA,425
86 : Human health activities,86,Human health activities,2019,6100,61935,11225,5365,96.3934426229508,83.1967213114754,70.0819672131148,60.7377049180328,54.7540983606557,5880,5075,4275,3705,3340,310
86 : Human health activities,86,Human health activities,2020,5770,62265,11060,4865,96.1871750433276,81.0225303292894,68.370883882149,60.6585788561525,NA,5550,4675,3945,3500,NA,370
86 : Human health activities,86,Human health activities,2021,6545,63970,11215,5055,95.7983193277311,82.0473644003056,71.4285714285714,NA,NA,6270,5370,4675,NA,NA,395
86 : Human health activities,86,Human health activities,2022,7650,66180,11435,5230,96.6666666666667,84.1830065359477,NA,NA,NA,7395,6440,NA,NA,NA,450
86 : Human health activities,86,Human health activities,2023,8760,69700,11580,4470,96.5182648401826,NA,NA,NA,NA,8455,NA,NA,NA,NA,525
87 : Residential care activities,87,Residential care activities,2019,825,11220,7200,665,94.5454545454545,77.5757575757576,63.030303030303,50.9090909090909,45.4545454545455,780,640,520,420,375,280
87 : Residential care activities,87,Residential care activities,2020,955,11450,7170,600,95.2879581151832,76.9633507853403,57.5916230366492,50.7853403141361,NA,910,735,550,485,NA,305
87 : Residential care activities,87,Residential care activities,2021,960,11780,7220,735,94.7916666666667,74.4791666666667,60.9375,NA,NA,910,715,585,NA,NA,250
87 : Residential care activities,87,Residential care activities,2022,1115,12135,7375,890,95.067264573991,76.6816143497758,NA,NA,NA,1060,855,NA,NA,NA,220
87 : Residential care activities,87,Residential care activities,2023,1370,12600,7550,805,93.0656934306569,NA,NA,NA,NA,1275,NA,NA,NA,NA,245
88 : Social work activities without accommodation,88,Social work activities without accommodation,2019,2135,37735,12900,2525,96.9555035128806,85.7142857142857,76.1124121779859,69.5550351288056,63.9344262295082,2070,1830,1625,1485,1365,710
88 : Social work activities without accommodation,88,Social work activities without accommodation,2020,1895,37625,12935,2325,97.0976253298153,86.5435356200528,76.5171503957784,69.6569920844327,NA,1840,1640,1450,1320,NA,720
88 : Social work activities without accommodation,88,Social work activities without accommodation,2021,2760,38485,12975,2085,97.1014492753623,84.4202898550725,73.731884057971,NA,NA,2680,2330,2035,NA,NA,550
88 : Social work activities without accommodation,88,Social work activities without accommodation,2022,2125,38290,13190,2405,97.4117647058823,83.5294117647059,NA,NA,NA,2070,1775,NA,NA,NA,505
88 : Social work activities without accommodation,88,Social work activities without accommodation,2023,2085,38295,13450,2310,96.1630695443645,NA,NA,NA,NA,2005,NA,NA,NA,NA,580
"90 : Creative, arts and entertainment activities",90,"Creative, arts and entertainment activities",2019,3025,33080,1220,2775,95.8677685950413,81.3223140495868,66.2809917355372,57.1900826446281,50.4132231404959,2900,2460,2005,1730,1525,50
"90 : Creative, arts and entertainment activities",90,"Creative, arts and entertainment activities",2020,2590,32780,1150,2435,93.6293436293436,76.8339768339768,62.9343629343629,54.4401544401544,NA,2425,1990,1630,1410,NA,50
"90 : Creative, arts and entertainment activities",90,"Creative, arts and entertainment activities",2021,3120,33355,1070,2480,95.5128205128205,79.8076923076923,67.1474358974359,NA,NA,2980,2490,2095,NA,NA,35
"90 : Creative, arts and entertainment activities",90,"Creative, arts and entertainment activities",2022,3425,34115,1175,2925,95.6204379562044,79.8540145985401,NA,NA,NA,3275,2735,NA,NA,NA,40
"90 : Creative, arts and entertainment activities",90,"Creative, arts and entertainment activities",2023,3745,34845,1295,2560,94.6595460614152,NA,NA,NA,NA,3545,NA,NA,NA,NA,70
"91 : Libraries, archives, museums and other cultural activities",91,"Libraries, archives, museums and other cultural activities",2019,75,1840,610,75,100,80,66.6666666666667,53.3333333333333,53.3333333333333,75,60,50,40,40,25
"91 : Libraries, archives, museums and other cultural activities",91,"Libraries, archives, museums and other cultural activities",2020,70,1840,605,75,92.8571428571429,78.5714285714286,64.2857142857143,50,NA,65,55,45,35,NA,25
"91 : Libraries, archives, museums and other cultural activities",91,"Libraries, archives, museums and other cultural activities",2021,95,1875,600,70,94.7368421052632,78.9473684210526,63.1578947368421,NA,NA,90,75,60,NA,NA,15
"91 : Libraries, archives, museums and other cultural activities",91,"Libraries, archives, museums and other cultural activities",2022,85,1895,635,70,100,76.4705882352941,NA,NA,NA,85,65,NA,NA,NA,25
"91 : Libraries, archives, museums and other cultural activities",91,"Libraries, archives, museums and other cultural activities",2023,85,1930,655,80,94.1176470588235,NA,NA,NA,NA,80,NA,NA,NA,NA,40
92 : Gambling and betting activities,92,Gambling and betting activities,2019,50,1095,355,75,90,80,70,60,60,45,40,35,30,30,15
92 : Gambling and betting activities,92,Gambling and betting activities,2020,35,1050,335,70,85.7142857142857,85.7142857142857,71.4285714285714,57.1428571428571,NA,30,30,25,20,NA,10
92 : Gambling and betting activities,92,Gambling and betting activities,2021,40,1020,330,55,100,62.5,50,NA,NA,40,25,20,NA,NA,10
92 : Gambling and betting activities,92,Gambling and betting activities,2022,35,985,325,60,85.7142857142857,71.4285714285714,NA,NA,NA,30,25,NA,NA,NA,5
92 : Gambling and betting activities,92,Gambling and betting activities,2023,20,945,320,75,100,NA,NA,NA,NA,20,NA,NA,NA,NA,10
93 : Sports activities and amusement and recreation activities,93,Sports activities and amusement and recreation activities,2019,4290,39095,6645,3465,95.8041958041958,77.039627039627,62.4708624708625,52.9137529137529,44.8717948717949,4110,3305,2680,2270,1925,295
93 : Sports activities and amusement and recreation activities,93,Sports activities and amusement and recreation activities,2020,3695,39315,6405,3205,94.8579161028417,74.424898511502,60.2165087956698,51.1502029769959,NA,3505,2750,2225,1890,NA,290
93 : Sports activities and amusement and recreation activities,93,Sports activities and amusement and recreation activities,2021,4715,40840,6290,3135,95.1219512195122,75.7158006362672,60.8695652173913,NA,NA,4485,3570,2870,NA,NA,225
93 : Sports activities and amusement and recreation activities,93,Sports activities and amusement and recreation activities,2022,4360,41715,6680,3635,93.5779816513761,74.4266055045871,NA,NA,NA,4080,3245,NA,NA,NA,270
93 : Sports activities and amusement and recreation activities,93,Sports activities and amusement and recreation activities,2023,4470,42470,6810,3585,94.5190156599553,NA,NA,NA,NA,4225,NA,NA,NA,NA,420
94 : Activities of membership organisations,94,Activities of membership organisations,2019,1065,23335,3155,1350,96.7136150234742,84.5070422535211,69.0140845070423,61.9718309859155,57.2769953051643,1030,900,735,660,610,120
94 : Activities of membership organisations,94,Activities of membership organisations,2020,1105,23305,3145,1015,97.737556561086,84.6153846153846,73.7556561085973,69.2307692307692,NA,1080,935,815,765,NA,120
94 : Activities of membership organisations,94,Activities of membership organisations,2021,1215,23620,3080,1135,96.7078189300412,82.7160493827161,72.8395061728395,NA,NA,1175,1005,885,NA,NA,95
94 : Activities of membership organisations,94,Activities of membership organisations,2022,945,23360,3125,1045,96.2962962962963,79.8941798941799,NA,NA,NA,910,755,NA,NA,NA,95
94 : Activities of membership organisations,94,Activities of membership organisations,2023,990,23420,3135,975,92.9292929292929,NA,NA,NA,NA,920,NA,NA,NA,NA,110
95 : Repair of computers and personal and household goods,95,Repair of computers and personal and household goods,2019,680,9885,535,1145,95.5882352941177,80.8823529411765,69.8529411764706,59.5588235294118,52.9411764705882,650,550,475,405,360,25
95 : Repair of computers and personal and household goods,95,Repair of computers and personal and household goods,2020,690,9775,525,905,94.9275362318841,78.9855072463768,63.0434782608696,53.6231884057971,NA,655,545,435,370,NA,25
95 : Repair of computers and personal and household goods,95,Repair of computers and personal and household goods,2021,1315,10965,515,870,94.6768060836502,74.9049429657795,59.6958174904943,NA,NA,1245,985,785,NA,NA,25
95 : Repair of computers and personal and household goods,95,Repair of computers and personal and household goods,2022,775,10585,520,1420,91.6129032258064,63.8709677419355,NA,NA,NA,710,495,NA,NA,NA,20
95 : Repair of computers and personal and household goods,95,Repair of computers and personal and household goods,2023,645,10085,525,1050,93.0232558139535,NA,NA,NA,NA,600,NA,NA,NA,NA,30
96 : Other personal service activities,96,Other personal service activities,2019,6755,81725,5470,7625,94.7446336047372,81.3471502590674,70.4663212435233,59.8815692079941,51.4433752775722,6400,5495,4760,4045,3475,150
96 : Other personal service activities,96,Other personal service activities,2020,6195,81250,5180,6650,94.9959644874899,81.0330912025827,66.2631154156578,56.4164648910412,NA,5885,5020,4105,3495,NA,135
96 : Other personal service activities,96,Other personal service activities,2021,8945,85200,4985,6295,96.5902738960313,78.0324203465623,62.6048071548351,NA,NA,8640,6980,5600,NA,NA,110
96 : Other personal service activities,96,Other personal service activities,2022,9465,87675,5090,9330,92.4986793449551,72.2134178552562,NA,NA,NA,8755,6835,NA,NA,NA,110
96 : Other personal service activities,96,Other personal service activities,2023,9910,89390,5080,9190,94.7023208879919,NA,NA,NA,NA,9385,NA,NA,NA,NA,135
